{
  "parent": "item/generated",
  "textures": {
    "layer0": "item/player_head"
  },
  "overrides": [
    { "predicate": { "custom_model_data": 1001 }, "model": "item/icon_left_blue" },
    { "predicate": { "custom_model_data": 1002 }, "model": "item/icon_right_blue" },
    { "predicate": { "custom_model_data": 1003 }, "model": "item/icon_next_orange" },
    { "predicate": { "custom_model_data": 1004 }, "model": "item/icon_search" },
    { "predicate": { "custom_model_data": 1005 }, "model": "item/icon_arrow_chest" },
    { "predicate": { "custom_model_data": 1006 }, "model": "item/icon_back_orange" },
    { "predicate": { "custom_model_data": 1007 }, "model": "item/icon_cancel" }
  ]
}
